{
    "prepare_queue": {
        "installed": [],
        "uninstalled": []
    },
    "config_munge": {
        "files": {
            "config.xml": {
                "parents": {
                    "/*": [
                        {
                            "xml": "<feature name=\"InAppBrowser\"><param name=\"ios-package\" value=\"CDVInAppBrowser\" /></feature>",
                            "count": 1
                        },
                        {
                            "xml": "<feature name=\"Device\"><param name=\"ios-package\" value=\"CDVDevice\" /></feature>",
                            "count": 1
                        },
                        {
                            "xml": "<feature name=\"Notification\"><param name=\"ios-package\" value=\"CDVNotification\" /></feature>",
                            "count": 1
                        },
                        {
                            "xml": "<feature name=\"NetworkStatus\"><param name=\"ios-package\" value=\"CDVConnection\" /></feature>",
                            "count": 1
                        },
                        {
                            "xml": "<feature name=\"StatusBar\"><param name=\"ios-package\" value=\"CDVStatusBar\" /><param name=\"onload\" value=\"true\" /></feature>",
                            "count": 1
                        },
                        {
                            "xml": "<preference name=\"StatusBarOverlaysWebView\" value=\"true\" />",
                            "count": 1
                        },
                        {
                            "xml": "<preference name=\"StatusBarStyle\" value=\"lightcontent\" />",
                            "count": 1
                        }
                    ]
                }
            },
            "*-Info.plist": {
                "parents": {
                    "CFBundleURLTypes": [
                        {
                            "xml": "<array><dict><key>CFBundleURLSchemes</key><array><string>village</string></array></dict></array>",
                            "count": 1
                        }
                    ]
                }
            }
        }
    },
    "installed_plugins": {
        "cordova-plugin-whitelist": {
            "PACKAGE_NAME": "ru.fruitware.village"
        },
        "cordova-plugin-inappbrowser": {
            "PACKAGE_NAME": "ru.fruitware.village"
        },
        "cordova-plugin-device": {
            "PACKAGE_NAME": "ru.fruitware.village"
        },
        "cordova-plugin-dialogs": {
            "PACKAGE_NAME": "ru.fruitware.village"
        },
        "cordova-plugin-network-information": {
            "PACKAGE_NAME": "ru.fruitware.village"
        },
        "cordova-plugin-statusbar": {
            "PACKAGE_NAME": "ru.fruitware.village"
        },
        "cordova-plugin-customurlscheme": {
            "URL_SCHEME": "village",
            "PACKAGE_NAME": "ru.fruitware.village"
        }
    },
    "dependent_plugins": {},
    "modules": [
        {
            "file": "plugins/cordova-plugin-inappbrowser/www/inappbrowser.js",
            "id": "cordova-plugin-inappbrowser.inappbrowser",
            "pluginId": "cordova-plugin-inappbrowser",
            "clobbers": [
                "cordova.InAppBrowser.open",
                "window.open"
            ]
        },
        {
            "file": "plugins/cordova-plugin-device/www/device.js",
            "id": "cordova-plugin-device.device",
            "pluginId": "cordova-plugin-device",
            "clobbers": [
                "device"
            ]
        },
        {
            "file": "plugins/cordova-plugin-dialogs/www/notification.js",
            "id": "cordova-plugin-dialogs.notification",
            "pluginId": "cordova-plugin-dialogs",
            "merges": [
                "navigator.notification"
            ]
        },
        {
            "file": "plugins/cordova-plugin-network-information/www/network.js",
            "id": "cordova-plugin-network-information.network",
            "pluginId": "cordova-plugin-network-information",
            "clobbers": [
                "navigator.connection",
                "navigator.network.connection"
            ]
        },
        {
            "file": "plugins/cordova-plugin-network-information/www/Connection.js",
            "id": "cordova-plugin-network-information.Connection",
            "pluginId": "cordova-plugin-network-information",
            "clobbers": [
                "Connection"
            ]
        },
        {
            "file": "plugins/cordova-plugin-statusbar/www/statusbar.js",
            "id": "cordova-plugin-statusbar.statusbar",
            "pluginId": "cordova-plugin-statusbar",
            "clobbers": [
                "window.StatusBar"
            ]
        },
        {
            "file": "plugins/cordova-plugin-customurlscheme/www/ios/LaunchMyApp.js",
            "id": "cordova-plugin-customurlscheme.LaunchMyApp",
            "pluginId": "cordova-plugin-customurlscheme",
            "clobbers": [
                "window.plugins.launchmyapp"
            ]
        }
    ],
    "plugin_metadata": {
        "cordova-plugin-whitelist": "1.0.0",
        "cordova-plugin-inappbrowser": "1.0.1",
        "cordova-plugin-device": "1.0.1",
        "cordova-plugin-dialogs": "1.2.0",
        "cordova-plugin-network-information": "1.1.0",
        "cordova-plugin-statusbar": "2.0.0",
        "cordova-plugin-customurlscheme": "4.1.3"
    }
}